<?xml version="1.0" encoding="UTF-8"?>
<people>
    <person>
        <name>Lonzo Ball</name>
        <address>1997</address>
        <phone>1.98m</phone>
        <image>Lonzo_Ball.png</image>
        <url>https://en.wikipedia.org/wiki/Lonzo_Ball</url>
        <details>Lonzo Ball's basketball career began to take shape at Chino Hills High School in California, where he played alongside his two brothers, LiAngelo and LaMelo. Under his playmaking, Chino Hills went undefeated (35 vs 0) and won the state title. Ball was named the Naismith High School Player of the Year and was also selected to the McDonald's All-American team.
        
Upon graduating high school, Ball continued his career at UCLA, where he played for one season. During his freshman year, he averaged 14.6 points, 6.0 rebounds, and 7.6 assists per game. His performance earned him the Wayman Tisdale Award as the nation's top freshman and he was also a consensus first-team All-American.

After his successful college stint, Ball declared for the NBA draft and was selected as the second overall pick by the Los Angeles Lakers in 2017. He had a strong rookie season and has since been developing his game. Ball's vision and passing have been central to his role as a point guard in the NBA.
</details>
    </person>
    <person>
        <name>Onuralp Bitim</name>
        <address>1999</address>
        <phone>1.98m</phone>
        <image>Onuralp_Bitim.png</image>
        <url>https://en.wikipedia.org/wiki/Onuralp_Bitim</url>
        <details>Alex Caruso began his basketball journey at AM Consolidated High School in Texas. Despite not being highly recruited, he went on to play college basketball at Texas AM University. Over four years, he became known for his defensive skills and playmaking abilities. Caruso finished his college career as the school's all-time leader in assists and steals.
        
Undrafted in the 2016 NBA Draft, Caruso joined the Philadelphia 76ers for the Summer League. He was later signed by the Oklahoma City Thunder but was waived shortly thereafter. He then played for the Oklahoma City Blue of the NBA G League, where he impressed with his performances.

Caruso's break came when he joined the Los Angeles Lakers for the 2017 NBA Summer League. His outstanding play led to the Lakers offering him a two-way contract, making him the first player to go from the G League to the NBA on a two-way contract. Since then, Caruso has become a fan favorite and a key rotational player for the Lakers, contributing significantly during the 2020 season that culminated in an NBA Championship.
</details>
    </person>
    <person>
        <name>Jevon Carter</name>
        <address>1995</address>
        <phone>1.85m</phone>
        <image>Jevon_Carter.png</image>
        <url>https://en.wikipedia.org/wiki/Jevon_Carter</url>
        <details>Jevon Carter's basketball journey began in Maywood, Illinois, where he attended Proviso East High School. Known for his tenacious defense and leadership, Carter helped lead his high school team to an Illinois state championship appearance. His skill and on-court presence earned him a spot at West Virginia University, a turning point in his career.
        
At West Virginia, under the guidance of coach Bob Huggins, Carter became the embodiment of the team's "Press Virginia" defense, known for its aggressive full-court press. He quickly became one of the nation's best defenders, with his efforts culminating in being named the NABC Defensive Player of the Year twice. He averaged 17.3 points, 4.6 rebounds, 6.6 assists, and 3.0 steals per game during his senior season, showcasing his all-around game.

Carter's collegiate accolades included being a two-time Big 12 Defensive Player of the Year and earning a spot on the All-Big 12 First Team. He finished his college career with a reputation as one of the toughest defenders in the country. After college, Carter was selected in the second round of the 2018 NBA Draft by the Memphis Grizzlies. He has since carved out a role for himself in the NBA with his defensive prowess and work ethic, continuing to build on his legacy as a relentless defender.
</details>
    </person>
    <person>
        <name>Alex Caruso</name>
        <address>1994</address>
        <phone>1.96m</phone>
        <image>Alex_Caruso.png</image>
        <url>https://en.wikipedia.org/wiki/Alex_Caruso</url>
        <details>Alex Caruso's journey to the NBA is a story of perseverance and hard work. Hailing from College Station, Texas, he played for AM Consolidated High School, where he was recognized for his athleticism and basketball IQ. Caruso chose to stay close to home for college, playing for Texas AM University. Over four seasons, he etched his name in the school's record books, finishing as the Aggies' all-time leader in assists and steals, and becoming known for his formidable defense.
            
Caruso went undrafted in the 2016 NBA Draft, but his passion and determination to succeed at the highest level did not wane. He joined the Philadelphia 76ers for the NBA Summer League and caught the attention of the Oklahoma City Thunder, who signed him later that year. Although he was waived by the Thunder, Caruso found his rhythm with the Oklahoma City Blue of the NBA G League, showcasing his abilities as a reliable playmaker and a defensive stalwart.

Caruso's breakthrough came during his time with the Los Angeles Lakers' 2017 Summer League team. His exceptional performance, especially when he started in place of the injured Lonzo Ball, led the Lakers to secure him with their first-ever two-way contract. Caruso's hard work and dedication culminated in an NBA Championship with the Lakers in 2020. Known for his high-flying dunks, hustle plays, and clutch defense, Caruso has become a fan favorite and a testament to the impact a player can have, regardless of the path they take to the NBA.
</details>
    </person>
    <person>
        <name>Torrey Craig</name>
        <address>2000</address>
        <phone>1.96m</phone>
        <image>Torrey_Craig.png</image>
        <url>https://en.wikipedia.org/wiki/Torrey_Craig</url>
        <details>Torrey Craig's path to professional basketball is a testament to his tenacity and skill. Craig made a name for himself at the University of South Carolina Upstate, coming out of Great Falls High School in South Carolina. At USC Upstate, he immediately made an impact, displaying an ability to score and rebound that earned him Atlantic Sun Conference Freshman of the Year honors.
        
Over his college career, Craig's scoring prowess only increased. He led the A-Sun in scoring twice and finished his time at USC Upstate with numerous accolades, including being named the conference Player of the Year. His well-rounded game was evident in his impressive averages of points and rebounds, as well as his capability to stretch the floor with his shooting.

After going undrafted in the 2014 NBA Draft, Craig didn't give up on his dream of playing in the NBA. He honed his skills internationally, particularly in Australia's NBL, where he continued to develop his game. His perseverance paid off when he signed with the Denver Nuggets, and he quickly became known for his defensive tenacity and ability to contribute valuable minutes. Whether starting or coming off the bench, Craig's relentless defense and improved three-point shooting have made him a valuable asset in the league. His journey is a powerful reminder of where hard work and determination can lead, culminating in becoming an integral part of an NBA team's rotation.
</details>
    </person>
    <person>
        <name>DeMar DeRozan</name>
        <address>1989</address>
        <phone>1.98m</phone>
        <image>DeMar_DeRozan.png</image>
        <url>https://en.wikipedia.org/wiki/DeMar_DeRozan</url>
        <details>DeMar DeRozan's basketball narrative is one marked by both high-level performance and a commitment to improvement. DeRozan's exceptional athleticism was first displayed at Compton High School in California, where he established himself as a standout talent, earning accolades such as the Moore League Most Valuable Player Award and a spot on the California All-State team. His high school career was punctuated by impressive averages of over 22 points and 7 rebounds a game, showcasing the skills that made him a coveted recruit.
        
Choosing to play college ball at the University of Southern California (USC), DeRozan continued to refine his game, quickly becoming one of the team's central figures. In his freshman year, he averaged 13.9 points and 5.7 rebounds per game, earning All-Pac-10 Tournament Team honors and helping to lead the Trojans to the tournament semifinals. His athletic prowess shone at USC, highlighted by his powerful dunks and scoring ability.

DeRozan's jump to the NBA came after just one season at USC, being drafted ninth overall by the Toronto Raptors in the 2009 NBA Draft. In the NBA, DeRozan's game flourished as he developed a reputation for being a prolific scorer and a clutch performer. Multiple All-Star selections and All-NBA Team honors followed, solidifying his status as one of the league's premier shooting guards. DeRozan has continued to evolve, adding a more robust defensive game and playmaking skills to his repertoire. His career is a journey of continuous growth, marked by a tireless work ethic and a love for the game.
</details>
    </person>
    <person>
        <name>Ayo Dosunmu</name>
        <address>2000</address>
        <phone>1.96m</phone>
        <image>Ayo_Dosunmu.png</image>
        <url>https://en.wikipedia.org/wiki/Ayo_Dosunmu</url>
        <details>Ayo Dosunmu's rise in basketball is a story deeply rooted in his hometown of Chicago. After a stellar high school career that started at Westinghouse College Prep and culminated at Morgan Park, Dosunmu distinguished himself as a top talent. His high school achievements were headlined by two state championships and a reputation as one of Illinois' premier players, earning him recognition as a Consensus first-team All-State selection by several prominent publications.
        
Dosunmu took his talents to the University of Illinois, where he made an immediate impact. His freshman year set the tone for a college career that was nothing short of impressive. He was known for his ability to take over games, especially in critical moments, which quickly made him a fan favorite. By his junior year, Dosunmu was not just a local hero but a national star. He averaged 20.1 points, 6.3 rebounds, and 5.3 assists per game, earning him All-American status and the Bob Cousy Award as the nation's top point guard. His leadership on the court was instrumental in revitalizing the Illinois basketball program, leading them to a Big Ten Tournament Championship and a number one seed in the NCAA Tournament.

Ayo Dosunmu's decision to enter the NBA Draft after his junior season came after he had firmly established himself as one of the best players in college basketball. His collegiate career, filled with accolades and personal records, set the stage for his professional journey. In the NBA, Ayo has continued to demonstrate the same work ethic and poise that he did in Illinois, adapting to the professional game with an ever-growing skill set and an innate ability to contribute significantly to his team. His Chicago grit, combined with his basketball IQ and athleticism, makes him a promising talent in the league and an inspiration to many aspiring players from his home city.
</details>
    </person>
    <person>
        <name>Henri Drell</name>
        <address>2000</address>
        <phone>2.06m</phone>
        <image>Henri_Drell.png</image>
        <url>https://en.wikipedia.org/wiki/Henri_Drell</url>
        <details>Henri Drell, born on April 25, 2000, in Estonia, is a professional basketball player with a career that began in Europe before making his way to the NBA. Drell's journey started at a young age, showcasing his talent in various European leagues. He played for the Italian team, Pallacanestro Varese, where he developed his skills and demonstrated his potential against some of the continent's best talents. Drell's ability to play both the shooting guard and small forward positions, combined with his size and shooting ability, made him a versatile prospect for professional leagues.
        
His performances in Europe caught the attention of scouts in the NBA, marking him as a potential draft pick. Drell's game is characterized by his sharpshooting, agility, and ability to make significant contributions on both ends of the court. Despite facing challenges and stiff competition, his work ethic and dedication to improvement have been key factors in his development as a professional athlete. As he continues to adapt and evolve, Drell aims to make a significant impact in the NBA, leveraging his European experience and skill set to carve out a successful career in one of the world's most competitive basketball leagues.
</details>
    </person>
    <person>
        <name>Andre Drummond</name>
        <address>1993</address>
        <phone>2.11m</phone>
        <image>Andre_Drummond.png</image>
        <url>https://en.wikipedia.org/wiki/Andre_Drummond</url>
        <details>Andre Drummond, born on August 10, 1993, in Mount Vernon, New York, has established himself as one of the premier centers in the NBA. Drummond's basketball journey began at St. Thomas More High School in Connecticut, where he was recognized as one of the top prospects in the country. He then played one season of college basketball for the Connecticut Huskies, where he was named to the Big East All-Rookie Team.
        
Drafted in the first round of the 2012 NBA Draft by the Detroit Pistons, Drummond quickly made a name for himself with his dominant rebounding and defensive abilities. Over the years, he has been selected for multiple NBA All-Star games and has led the league in rebounding four times. His tenure with the Pistons, Cleveland Cavaliers, and Los Angeles Lakers showcased his ability to impact games through his defensive prowess, rebounding, and scoring around the rim. Drummond's physicality, athleticism, and basketball IQ have made him a valuable asset to every team he has played for, and he continues to be a significant presence on the court, contributing to his teams' successes both defensively and offensively.
</details>
    </person>
    <person>
        <name>Andrew Funk</name>
        <address>1999</address>
        <phone>1.96m</phone>
        <image>Andrew_Funk.png</image>
        <url>https://en.wikipedia.org/wiki/Andrew_Funk</url>
        <details>Andrew Funk, emerging as a notable talent in basketball, began his journey in Pennsylvania, where his skills on the court first drew attention. His collegiate career at Bucknell University marked him as a player to watch, thanks to his exceptional shooting ability and basketball IQ. Throughout his time at Bucknell, Funk demonstrated a remarkable proficiency from beyond the arc, setting records and earning accolades for his scoring performances.
        
His collegiate achievements highlighted his potential to transition successfully to professional basketball. Known for his work ethic and dedication to improvement, Funk has continued to develop his game, focusing on both offensive and defensive aspects. His ability to perform under pressure, coupled with his sharpshooting skills, makes him a valuable player on any team. As he progresses in his professional career, Funk aims to leverage his college success and adapt to the higher levels of competition, aspiring to make a significant impact and contribute to his team's success in the professional arena.
</details>
    </person>
    <person>
        <name>Zach LaVine</name>
        <address>1995</address>
        <phone>1.96m</phone>
        <image>Zach_LaVine.png</image>
        <url>https://en.wikipedia.org/wiki/Zach_LaVine</url>
        <details>Zach LaVine, born on March 10, 1995, in Renton, Washington, is a high-flying guard known for his incredible athleticism and scoring ability. LaVine's basketball journey took a significant leap at UCLA, where he spent one season, showcasing his explosive athleticism and scoring prowess. His performances at UCLA led him to declare for the NBA draft, where he was selected by the Minnesota Timberwolves in the first round of the 2014 NBA Draft.
        
LaVine's NBA career has been marked by his highlight-reel dunks, scoring ability, and improvement in all facets of his game. Notably, he won the NBA Slam Dunk Contest in 2015 and 2016, showcasing his extraordinary leaping ability and creativity. After his tenure with the Timberwolves, LaVine was traded to the Chicago Bulls, where he has emerged as a leading scorer and key player for the franchise. His work ethic and dedication to expanding his game have seen him improve his three-point shooting, ball-handling, and defensive skills. LaVine's ability to score from anywhere on the court, combined with his athleticism, makes him one of the most exciting players to watch in the NBA, and he continues to strive towards becoming one of the elite players in the league.
</details>
    </person>
    <person>
        <name>Julian Phillips</name>
        <address>1995</address>
        <phone>1.96m</phone>
        <image>Julian_Phillips.png</image>
        <url>https://en.wikipedia.org/wiki/Julian_Phillips_(basketball)</url>
        <details>Julian Phillips, an up-and-coming talent in basketball, has been making waves with his versatility and skill on the basketball court. Originating from a background where his talent was nurtured from a young age, Phillips' journey through high school basketball saw him recognized as one of the top prospects nationally, thanks to his all-around game, athleticism, and ability to impact the game in multiple ways.
        
Choosing to play college basketball at a prestigious program, Phillips quickly showcased why he was highly touted out of high school. His ability to play both ends of the floor, combined with his basketball IQ, size, and scoring ability, made him a standout player in college basketball. Phillips has been particularly noted for his defensive prowess, rebounding, and efficiency on the offensive end, making him a difficult matchup for opponents.

As he transitions to the professional level, Phillips aims to bring his versatile game, work ethic, and dedication to continual improvement to make an immediate impact. His goal is to adapt quickly to the professional game's pace and physicality, leveraging his collegiate experience to carve out a successful career. With a skill set that allows him to fill various roles on the court, Julian Phillips is poised to be a valuable asset to any team, contributing in multiple facets of the game and striving towards becoming a significant player in professional basketball.
</details>
    </person>
</people>
